family,father,mother,midparentHeight,children,childNum,gender,childHeight
001,78.5,67.0,75.43,4,1,male,73.2
001,78.5,67.0,75.43,4,2,female,69.2
001,78.5,67.0,75.43,4,3,female,69.0
001,78.5,67.0,75.43,4,4,female,69.0
002,75.5,66.5,73.66,4,1,male,73.5
002,75.5,66.5,73.66,4,2,male,72.5
002,75.5,66.5,73.66,4,3,female,65.5
002,75.5,66.5,73.66,4,4,female,65.5
003,75.0,64.0,72.06,2,1,male,71.0
003,75.0,64.0,72.06,2,2,female,68.0
004,75.0,64.0,72.06,5,1,male,70.5
004,75.0,64.0,72.06,5,2,male,68.5
004,75.0,64.0,72.06,5,3,female,67.0
004,75.0,64.0,72.06,5,4,female,64.5
004,75.0,64.0,72.06,5,5,female,63.0
005,75.0,58.5,69.09,6,1,male,72.0
005,75.0,58.5,69.09,6,2,male,69.0
005,75.0,58.5,69.09,6,3,male,68.0
005,75.0,58.5,69.09,6,4,female,66.5
005,75.0,58.5,69.09,6,5,female,62.5
005,75.0,58.5,69.09,6,6,female,62.5
006,74.0,68.0,73.72,1,1,female,69.5
007,74.0,68.0,73.72,6,1,male,76.5
007,74.0,68.0,73.72,6,2,male,74.0
007,74.0,68.0,73.72,6,3,male,73.0
007,74.0,68.0,73.72,6,4,male,73.0
007,74.0,68.0,73.72,6,5,female,70.5
007,74.0,68.0,73.72,6,6,female,64.0
008,74.0,66.5,72.91,3,1,female,70.5
008,74.0,66.5,72.91,3,2,female,68.0
008,74.0,66.5,72.91,3,3,female,66.0
009,74.5,66.0,72.89,1,1,female,66.0
010,74.0,65.5,72.37,1,1,female,65.5
011,74.0,62.0,70.48,8,1,male,74.0
011,74.0,62.0,70.48,8,2,male,70.0
011,74.0,62.0,70.48,8,3,female,68.0
011,74.0,62.0,70.48,8,4,female,67.0
011,74.0,62.0,70.48,8,5,female,67.0
011,74.0,62.0,70.48,8,6,female,66.0
011,74.0,62.0,70.48,8,7,female,63.5
011,74.0,62.0,70.48,8,8,female,63.0
012,74.0,61.0,69.94,1,1,female,65.0
013,73.0,67.0,72.68,2,1,male,71.0
013,73.0,67.0,72.68,2,2,female,62.0
014,73.0,67.0,72.68,2,1,male,68.0
014,73.0,67.0,72.68,2,2,male,67.0
015,73.0,66.5,72.41,3,1,male,71.0
015,73.0,66.5,72.41,3,2,male,70.5
015,73.0,66.5,72.41,3,3,female,66.7
016,73.0,65.0,71.6,9,1,male,72.0
016,73.0,65.0,71.6,9,2,male,70.5
016,73.0,65.0,71.6,9,3,male,70.2
016,73.0,65.0,71.6,9,4,male,70.2
016,73.0,65.0,71.6,9,5,male,69.2
016,73.0,65.0,71.6,9,6,female,68.7
016,73.0,65.0,71.6,9,7,female,66.5
016,73.0,65.0,71.6,9,8,female,64.5
016,73.0,65.0,71.6,9,9,female,63.5
017,73.0,64.5,71.33,6,1,male,74.0
017,73.0,64.5,71.33,6,2,male,73.0
017,73.0,64.5,71.33,6,3,male,71.5
017,73.0,64.5,71.33,6,4,male,62.5
017,73.0,64.5,71.33,6,5,female,66.5
017,73.0,64.5,71.33,6,6,female,62.3
018,73.0,64.0,71.06,3,1,female,66.0
018,73.0,64.0,71.06,3,2,female,64.5
018,73.0,64.0,71.06,3,3,female,64.0
019,73.2,63.0,70.62,1,1,female,62.7
020,72.7,69.0,73.61,8,1,male,73.2
020,72.7,69.0,73.61,8,2,male,73.0
020,72.7,69.0,73.61,8,3,male,72.7
020,72.7,69.0,73.61,8,4,female,70.0
020,72.7,69.0,73.61,8,5,female,69.0
020,72.7,69.0,73.61,8,6,female,68.5
020,72.7,69.0,73.61,8,7,female,68.0
020,72.7,69.0,73.61,8,8,female,66.0
021,72.0,68.0,72.72,3,1,male,73.0
021,72.0,68.0,72.72,3,2,female,68.5
021,72.0,68.0,72.72,3,3,female,68.0
022,72.0,67.0,72.18,3,1,male,73.0
022,72.0,67.0,72.18,3,2,male,71.0
022,72.0,67.0,72.18,3,3,female,67.0
023,72.0,65.0,71.1,7,1,male,74.2
023,72.0,65.0,71.1,7,2,male,70.5
023,72.0,65.0,71.1,7,3,male,69.5
023,72.0,65.0,71.1,7,4,female,66.0
023,72.0,65.0,71.1,7,5,female,65.5
023,72.0,65.0,71.1,7,6,female,65.0
023,72.0,65.0,71.1,7,7,female,65.0
024,72.0,65.5,71.37,1,1,female,65.5
025,72.0,64.0,70.56,2,1,female,66.0
025,72.0,64.0,70.56,2,2,female,63.0
026,72.0,63.0,70.02,5,1,male,70.5
026,72.0,63.0,70.02,5,2,male,70.5
026,72.0,63.0,70.02,5,3,male,69.0
026,72.0,63.0,70.02,5,4,female,65.0
026,72.0,63.0,70.02,5,5,female,63.0
027,72.0,63.0,70.02,3,1,male,69.0
027,72.0,63.0,70.02,3,2,male,67.0
027,72.0,63.0,70.02,3,3,female,63.0
028,72.0,63.0,70.02,6,1,male,73.0
028,72.0,63.0,70.02,6,2,male,67.0
028,72.0,63.0,70.02,6,3,female,70.5
028,72.0,63.0,70.02,6,4,female,70.0
028,72.0,63.0,70.02,6,5,female,66.5
028,72.0,63.0,70.02,6,6,female,63.0
029,72.5,63.5,70.54,3,1,female,67.5
029,72.5,63.5,70.54,3,2,female,67.2
029,72.5,63.5,70.54,3,3,female,66.7
030,72.0,62.0,69.48,1,1,female,64.0
031,72.5,62.0,69.73,6,1,male,71.0
031,72.5,62.0,69.73,6,2,male,70.0
031,72.5,62.0,69.73,6,3,male,70.0
031,72.5,62.0,69.73,6,4,female,66.0
031,72.5,62.0,69.73,6,5,female,65.0
031,72.5,62.0,69.73,6,6,female,65.0
032,72.0,62.0,69.48,5,1,male,74.0
032,72.0,62.0,69.48,5,2,male,72.0
032,72.0,62.0,69.48,5,3,male,69.0
032,72.0,62.0,69.48,5,4,female,67.5
032,72.0,62.0,69.48,5,5,female,63.5
033,72.0,62.0,69.48,5,1,male,72.0
033,72.0,62.0,69.48,5,2,male,71.5
033,72.0,62.0,69.48,5,3,male,71.5
033,72.0,62.0,69.48,5,4,male,70.0
033,72.0,62.0,69.48,5,5,female,68.0
034,72.0,61.0,68.94,1,1,female,65.7
035,71.0,69.0,72.76,5,1,male,78.0
035,71.0,69.0,72.76,5,2,male,74.0
035,71.0,69.0,72.76,5,3,male,73.0
035,71.0,69.0,72.76,5,4,male,72.0
035,71.0,69.0,72.76,5,5,female,67.0
036,71.0,67.0,71.68,4,1,male,73.2
036,71.0,67.0,71.68,4,2,male,73.0
036,71.0,67.0,71.68,4,3,male,69.0
036,71.0,67.0,71.68,4,4,female,67.0
037,71.0,66.0,71.14,4,1,male,70.0
037,71.0,66.0,71.14,4,2,female,67.0
037,71.0,66.0,71.14,4,3,female,67.0
037,71.0,66.0,71.14,4,4,female,66.5
038,71.0,66.0,71.14,6,1,male,70.0
038,71.0,66.0,71.14,6,2,male,69.0
038,71.0,66.0,71.14,6,3,male,68.5
038,71.0,66.0,71.14,6,4,female,66.0
038,71.0,66.0,71.14,6,5,female,64.5
038,71.0,66.0,71.14,6,6,female,63.0
039,71.0,66.0,71.14,2,1,male,71.0
039,71.0,66.0,71.14,2,2,female,67.0
040,71.0,66.0,71.14,5,1,male,76.0
040,71.0,66.0,71.14,5,2,male,72.0
040,71.0,66.0,71.14,5,3,male,71.0
040,71.0,66.0,71.14,5,4,male,66.0
040,71.0,66.0,71.14,5,5,female,66.0
041,71.7,65.5,71.22,1,1,male,70.5
042,71.0,65.5,70.87,6,1,male,72.0
042,71.0,65.5,70.87,6,2,male,72.0
042,71.0,65.5,70.87,6,3,male,71.0
042,71.0,65.5,70.87,6,4,male,69.0
042,71.0,65.5,70.87,6,5,female,66.0
042,71.0,65.5,70.87,6,6,female,65.0
043,71.5,65.5,71.12,2,1,male,73.0
043,71.5,65.5,71.12,2,2,female,65.2
044,71.5,65.0,70.85,2,1,male,68.5
044,71.5,65.0,70.85,2,2,male,67.7
045,71.0,65.0,70.6,3,1,male,68.0
045,71.0,65.0,70.6,3,2,male,68.0
045,71.0,65.0,70.6,3,3,female,62.0
046,71.0,64.0,70.06,8,1,female,68.0
046,71.0,64.0,70.06,8,2,female,68.0
046,71.0,64.0,70.06,8,3,female,67.5
046,71.0,64.0,70.06,8,4,female,66.5
046,71.0,64.0,70.06,8,5,female,66.5
046,71.0,64.0,70.06,8,6,female,66.0
046,71.0,64.0,70.06,8,7,female,65.5
046,71.0,64.0,70.06,8,8,female,65.0
047,71.7,64.5,70.68,4,1,male,72.0
047,71.7,64.5,70.68,4,2,male,71.0
047,71.7,64.5,70.68,4,3,male,70.5
047,71.7,64.5,70.68,4,4,female,67.0
048,71.0,64.0,70.06,3,1,male,68.0
048,71.0,64.0,70.06,3,2,male,68.0
048,71.0,64.0,70.06,3,3,male,68.0
049,71.5,64.5,70.58,7,1,male,72.0
049,71.5,64.5,70.58,7,2,male,71.0
049,71.5,64.5,70.58,7,3,male,70.0
049,71.5,64.5,70.58,7,4,female,66.0
049,71.5,64.5,70.58,7,5,female,64.5
049,71.5,64.5,70.58,7,6,female,64.5
049,71.5,64.5,70.58,7,7,female,62.0
050,71.0,64.5,70.33,2,1,male,73.0
050,71.0,64.5,70.33,2,2,female,62.0
051,71.2,63.0,69.62,2,1,female,67.5
051,71.2,63.0,69.62,2,2,female,64.5
052,71.0,63.5,69.79,5,1,male,71.0
052,71.0,63.5,69.79,5,2,male,67.0
052,71.0,63.5,69.79,5,3,female,66.0
052,71.0,63.5,69.79,5,4,female,65.0
052,71.0,63.5,69.79,5,5,female,63.5
053,71.0,63.0,69.52,9,1,male,71.0
053,71.0,63.0,69.52,9,2,male,70.0
053,71.0,63.0,69.52,9,3,male,70.0
053,71.0,63.0,69.52,9,4,male,64.0
053,71.0,63.0,69.52,9,5,female,65.0
053,71.0,63.0,69.52,9,6,female,65.0
053,71.0,63.0,69.52,9,7,female,64.0
053,71.0,63.0,69.52,9,8,female,63.0
053,71.0,63.0,69.52,9,9,female,63.0
054,71.0,63.0,69.52,4,1,male,71.0
054,71.0,63.0,69.52,4,2,male,71.0
054,71.0,63.0,69.52,4,3,male,70.0
054,71.0,63.0,69.52,4,4,female,63.5
055,71.0,62.0,68.98,5,1,male,71.0
055,71.0,62.0,68.98,5,2,male,70.0
055,71.0,62.0,68.98,5,3,female,64.5
055,71.0,62.0,68.98,5,4,female,62.5
055,71.0,62.0,68.98,5,5,female,61.5
056,71.0,62.0,68.98,5,1,male,72.0
056,71.0,62.0,68.98,5,2,male,70.5
056,71.0,62.0,68.98,5,3,male,70.5
056,71.0,62.0,68.98,5,4,female,64.5
056,71.0,62.0,68.98,5,5,female,60.0
057,71.0,62.5,69.25,5,1,male,70.0
057,71.0,62.5,69.25,5,2,female,64.0
057,71.0,62.5,69.25,5,3,female,64.0
057,71.0,62.5,69.25,5,4,female,64.0
057,71.0,62.5,69.25,5,5,female,62.5
058,71.0,62.0,68.98,7,1,male,70.5
058,71.0,62.0,68.98,7,2,male,70.0
058,71.0,62.0,68.98,7,3,male,69.0
058,71.0,62.0,68.98,7,4,male,69.0
058,71.0,62.0,68.98,7,5,male,66.0
058,71.0,62.0,68.98,7,6,female,64.5
058,71.0,62.0,68.98,7,7,female,64.0
059,71.0,61.0,68.44,1,1,female,62.0
060,71.0,58.0,66.82,2,1,male,71.5
060,71.0,58.0,66.82,2,2,male,69.0
061,70.0,69.0,72.26,4,1,male,71.0
061,70.0,69.0,72.26,4,2,male,70.0
061,70.0,69.0,72.26,4,3,male,69.0
061,70.0,69.0,72.26,4,4,female,69.0
062,70.0,69.0,72.26,6,1,male,70.0
062,70.0,69.0,72.26,6,2,male,68.7
062,70.0,69.0,72.26,6,3,female,68.0
062,70.0,69.0,72.26,6,4,female,66.0
062,70.0,69.0,72.26,6,5,female,64.0
062,70.0,69.0,72.26,6,6,female,62.0
063,70.0,68.0,71.72,1,1,male,75.0
064,70.0,67.0,71.18,5,1,male,70.0
064,70.0,67.0,71.18,5,2,male,69.0
064,70.0,67.0,71.18,5,3,female,66.0
064,70.0,67.0,71.18,5,4,female,64.0
064,70.0,67.0,71.18,5,5,female,60.0
065,70.0,67.0,71.18,1,1,female,67.5
066,70.0,66.5,70.91,11,1,male,73.0
066,70.0,66.5,70.91,11,2,male,72.0
066,70.0,66.5,70.91,11,3,male,72.0
066,70.0,66.5,70.91,11,4,male,66.5
066,70.0,66.5,70.91,11,5,female,69.2
066,70.0,66.5,70.91,11,6,female,67.2
066,70.0,66.5,70.91,11,7,female,66.5
066,70.0,66.5,70.91,11,8,female,66.0
066,70.0,66.5,70.91,11,9,female,66.0
066,70.0,66.5,70.91,11,10,female,64.2
066,70.0,66.5,70.91,11,11,female,63.7
067,70.5,65.0,70.35,4,1,male,72.0
067,70.5,65.0,70.35,4,2,male,70.2
067,70.5,65.0,70.35,4,3,male,69.0
067,70.5,65.0,70.35,4,4,male,68.5
068,70.5,65.0,70.35,5,1,female,68.0
068,70.5,65.0,70.35,5,2,female,65.0
068,70.5,65.0,70.35,5,3,female,61.5
068,70.5,65.0,70.35,5,4,female,61.0
068,70.5,65.0,70.35,5,5,female,61.0
069,70.0,65.0,70.1,8,1,male,73.0
069,70.0,65.0,70.1,8,2,male,72.0
069,70.0,65.0,70.1,8,3,male,70.5
069,70.0,65.0,70.1,8,4,male,65.0
069,70.0,65.0,70.1,8,5,male,65.0
069,70.0,65.0,70.1,8,6,female,64.5
069,70.0,65.0,70.1,8,7,female,63.0
069,70.0,65.0,70.1,8,8,female,62.0
070,70.0,65.0,70.1,5,1,male,67.0
070,70.0,65.0,70.1,5,2,male,65.0
070,70.0,65.0,70.1,5,3,female,64.5
070,70.0,65.0,70.1,5,4,female,62.5
070,70.0,65.0,70.1,5,5,female,62.5
071,70.0,65.0,70.1,6,1,male,70.0
071,70.0,65.0,70.1,6,2,male,70.0
071,70.0,65.0,70.1,6,3,female,67.0
071,70.0,65.0,70.1,6,4,female,65.0
071,70.0,65.0,70.1,6,5,female,65.0
071,70.0,65.0,70.1,6,6,female,63.0
072,70.0,65.0,70.1,7,1,male,79.0
072,70.0,65.0,70.1,7,2,male,75.0
072,70.0,65.0,70.1,7,3,male,71.0
072,70.0,65.0,70.1,7,4,female,69.0
072,70.0,65.0,70.1,7,5,female,67.0
072,70.0,65.0,70.1,7,6,female,65.7
072,70.0,65.0,70.1,7,7,female,62.0
073,70.0,65.0,70.1,3,1,male,73.0
073,70.0,65.0,70.1,3,2,male,72.5
073,70.0,65.0,70.1,3,3,female,65.0
074,70.0,65.0,70.1,2,1,male,69.0
074,70.0,65.0,70.1,2,2,male,69.0
075,70.0,64.7,69.938,7,1,male,72.0
075,70.0,64.7,69.938,7,2,male,70.0
075,70.0,64.7,69.938,7,3,male,68.7
075,70.0,64.7,69.938,7,4,female,66.5
075,70.0,64.7,69.938,7,5,female,65.5
075,70.0,64.7,69.938,7,6,female,64.7
075,70.0,64.7,69.938,7,7,female,64.5
076,70.0,64.0,69.56,7,1,male,70.7
076,70.0,64.0,69.56,7,2,male,70.0
076,70.0,64.0,69.56,7,3,male,68.0
076,70.0,64.0,69.56,7,4,male,67.0
076,70.0,64.0,69.56,7,5,male,66.0
076,70.0,64.0,69.56,7,6,male,65.0
076,70.0,64.0,69.56,7,7,female,67.0
077,70.0,64.0,69.56,4,1,male,70.0
077,70.0,64.0,69.56,4,2,male,68.0
077,70.0,64.0,69.56,4,3,male,66.7
077,70.0,64.0,69.56,4,4,female,65.5
078,70.0,64.2,69.668,5,1,male,72.0
078,70.0,64.2,69.668,5,2,male,70.0
078,70.0,64.2,69.668,5,3,female,62.5
078,70.0,64.2,69.668,5,4,female,61.2
078,70.0,64.2,69.668,5,5,female,60.1
079,70.5,64.0,69.81,8,1,male,74.0
079,70.5,64.0,69.81,8,2,male,69.5
079,70.5,64.0,69.81,8,3,male,69.0
079,70.5,64.0,69.81,8,4,male,68.0
079,70.5,64.0,69.81,8,5,male,68.0
079,70.5,64.0,69.81,8,6,male,68.0
079,70.5,64.0,69.81,8,7,female,65.5
079,70.5,64.0,69.81,8,8,female,65.0
080,70.5,64.5,70.08,1,1,female,60.0
081,70.0,64.0,69.56,4,1,male,68.0
081,70.0,64.0,69.56,4,2,female,65.0
081,70.0,64.0,69.56,4,3,female,64.0
081,70.0,64.0,69.56,4,4,female,62.0
082,70.0,64.0,69.56,9,1,male,71.0
082,70.0,64.0,69.56,9,2,male,70.0
082,70.0,64.0,69.56,9,3,male,70.0
082,70.0,64.0,69.56,9,4,male,70.0
082,70.0,64.0,69.56,9,5,male,69.5
082,70.0,64.0,69.56,9,6,male,68.5
082,70.0,64.0,69.56,9,7,female,69.0
082,70.0,64.0,69.56,9,8,female,65.0
082,70.0,64.0,69.56,9,9,female,64.0
083,70.0,63.7,69.398,8,1,male,70.0
083,70.0,63.7,69.398,8,2,male,67.0
083,70.0,63.7,69.398,8,3,male,65.5
083,70.0,63.7,69.398,8,4,female,63.7
083,70.0,63.7,69.398,8,5,female,63.2
083,70.0,63.7,69.398,8,6,female,62.5
083,70.0,63.7,69.398,8,7,female,62.2
083,70.0,63.7,69.398,8,8,female,61.0
084,70.5,63.0,69.27,4,1,male,70.0
084,70.5,63.0,69.27,4,2,male,68.5
084,70.5,63.0,69.27,4,3,female,65.5
084,70.5,63.0,69.27,4,4,female,63.5
085,70.5,63.0,69.27,5,1,male,72.5
085,70.5,63.0,69.27,5,2,male,69.0
085,70.5,63.0,69.27,5,3,male,67.0
085,70.5,63.0,69.27,5,4,female,64.5
085,70.5,63.0,69.27,5,5,female,64.0
086,70.0,63.5,69.29,4,1,male,71.0
086,70.0,63.5,69.29,4,2,male,67.5
086,70.0,63.5,69.29,4,3,female,67.5
086,70.0,63.5,69.29,4,4,female,63.5
087,70.0,63.0,69.02,4,1,male,68.0
087,70.0,63.0,69.02,4,2,male,67.0
087,70.0,63.0,69.02,4,3,female,63.7
087,70.0,63.0,69.02,4,4,female,62.0
088,70.0,63.0,69.02,4,1,male,70.0
088,70.0,63.0,69.02,4,2,male,66.5
088,70.0,63.0,69.02,4,3,female,62.0
088,70.0,63.0,69.02,4,4,female,61.0
089,70.5,62.0,68.73,8,1,male,72.0
089,70.5,62.0,68.73,8,2,male,70.0
089,70.5,62.0,68.73,8,3,male,69.5
089,70.5,62.0,68.73,8,4,male,69.5
089,70.5,62.0,68.73,8,5,male,68.0
089,70.5,62.0,68.73,8,6,female,65.0
089,70.5,62.0,68.73,8,7,female,64.0
089,70.5,62.0,68.73,8,8,female,63.0
090,70.3,62.7,69.008,7,1,male,70.7
090,70.3,62.7,69.008,7,2,male,69.7
090,70.3,62.7,69.008,7,3,male,69.2
090,70.3,62.7,69.008,7,4,male,65.2
090,70.3,62.7,69.008,7,5,female,64.0
090,70.3,62.7,69.008,7,6,female,63.5
090,70.3,62.7,69.008,7,7,female,63.2
091,70.5,62.0,68.73,3,1,male,72.0
091,70.5,62.0,68.73,3,2,male,72.0
091,70.5,62.0,68.73,3,3,female,60.0
092,70.0,61.0,67.94,2,1,male,71.2
092,70.0,61.0,67.94,2,2,male,67.0
093,70.0,60.0,67.4,4,1,male,67.0
093,70.0,60.0,67.4,4,2,male,64.5
093,70.0,60.0,67.4,4,3,female,65.0
093,70.0,60.0,67.4,4,4,female,63.0
094,70.0,60.0,67.4,2,1,female,65.0
094,70.0,60.0,67.4,2,2,female,65.0
095,70.0,58.5,66.59,3,1,male,71.5
095,70.0,58.5,66.59,3,2,male,64.5
095,70.0,58.5,66.59,3,3,female,63.0
096,70.0,58.0,66.32,5,1,male,72.0
096,70.0,58.0,66.32,5,2,male,66.0
096,70.0,58.0,66.32,5,3,female,66.0
096,70.0,58.0,66.32,5,4,female,65.0
096,70.0,58.0,66.32,5,5,female,63.0
097,69.0,68.5,71.49,10,1,male,75.0
097,69.0,68.5,71.49,10,2,male,71.0
097,69.0,68.5,71.49,10,3,male,70.0
097,69.0,68.5,71.49,10,4,female,66.0
097,69.0,68.5,71.49,10,5,female,66.0
097,69.0,68.5,71.49,10,6,female,65.5
097,69.0,68.5,71.49,10,7,female,65.0
097,69.0,68.5,71.49,10,8,female,65.0
097,69.0,68.5,71.49,10,9,female,64.0
097,69.0,68.5,71.49,10,10,female,64.0
098,69.0,67.0,70.68,1,1,female,64.0
099,69.0,66.0,70.14,8,1,male,73.0
099,69.0,66.0,70.14,8,2,male,72.0
099,69.0,66.0,70.14,8,3,male,71.7
099,69.0,66.0,70.14,8,4,male,71.5
099,69.0,66.0,70.14,8,5,female,65.5
099,69.0,66.0,70.14,8,6,female,65.0
099,69.0,66.0,70.14,8,7,female,62.7
099,69.0,66.0,70.14,8,8,female,62.5
100,69.0,66.0,70.14,3,1,male,71.2
100,69.0,66.0,70.14,3,2,male,71.0
100,69.0,66.0,70.14,3,3,male,70.0
101,69.0,66.7,70.518,4,1,male,75.0
101,69.0,66.7,70.518,4,2,male,74.0
101,69.0,66.7,70.518,4,3,male,72.0
101,69.0,66.7,70.518,4,4,male,68.5
102,69.0,66.0,70.14,6,1,male,70.0
102,69.0,66.0,70.14,6,2,male,68.5
102,69.0,66.0,70.14,6,3,male,68.0
102,69.0,66.0,70.14,6,4,female,65.0
102,69.0,66.0,70.14,6,5,female,63.0
102,69.0,66.0,70.14,6,6,female,62.5
103,69.0,66.5,70.41,7,1,male,73.0
103,69.0,66.5,70.41,7,2,male,71.0
103,69.0,66.5,70.41,7,3,male,70.5
103,69.0,66.5,70.41,7,4,male,70.5
103,69.0,66.5,70.41,7,5,male,67.0
103,69.0,66.5,70.41,7,6,male,66.0
103,69.0,66.5,70.41,7,7,female,61.0
104,69.5,66.5,70.66,4,1,male,70.5
104,69.5,66.5,70.66,4,2,male,67.5
104,69.5,66.5,70.66,4,3,female,64.5
104,69.5,66.5,70.66,4,4,female,64.0
105,69.0,66.5,70.41,6,1,male,71.0
105,69.0,66.5,70.41,6,2,female,68.5
105,69.0,66.5,70.41,6,3,female,67.5
105,69.0,66.5,70.41,6,4,female,66.0
105,69.0,66.5,70.41,6,5,female,63.0
105,69.0,66.5,70.41,6,6,female,63.0
106,69.5,66.0,70.39,7,1,male,71.0
106,69.5,66.0,70.39,7,2,male,71.0
106,69.5,66.0,70.39,7,3,male,70.5
106,69.5,66.0,70.39,7,4,male,70.5
106,69.5,66.0,70.39,7,5,female,66.5
106,69.5,66.0,70.39,7,6,female,65.5
106,69.5,66.0,70.39,7,7,female,64.5
107,69.0,66.0,70.14,9,1,male,73.0
107,69.0,66.0,70.14,9,2,male,72.0
107,69.0,66.0,70.14,9,3,male,69.0
107,69.0,66.0,70.14,9,4,male,69.0
107,69.0,66.0,70.14,9,5,female,66.5
107,69.0,66.0,70.14,9,6,female,65.5
107,69.0,66.0,70.14,9,7,female,65.5
107,69.0,66.0,70.14,9,8,female,65.0
107,69.0,66.0,70.14,9,9,female,64.0
108,69.0,65.0,69.6,7,1,male,70.0
108,69.0,65.0,69.6,7,2,male,68.5
108,69.0,65.0,69.6,7,3,male,67.0
108,69.0,65.0,69.6,7,4,female,65.0
108,69.0,65.0,69.6,7,5,female,64.0
108,69.0,65.0,69.6,7,6,female,63.5
108,69.0,65.0,69.6,7,7,female,61.0
109,69.5,64.5,69.58,7,1,male,69.7
109,69.5,64.5,69.58,7,2,male,68.0
109,69.5,64.5,69.58,7,3,male,60.0
109,69.5,64.5,69.58,7,4,female,65.2
109,69.5,64.5,69.58,7,5,female,64.5
109,69.5,64.5,69.58,7,6,female,63.7
109,69.5,64.5,69.58,7,7,female,60.0
110,69.2,64.0,69.16,4,1,male,71.7
110,69.2,64.0,69.16,4,2,male,66.5
110,69.2,64.0,69.16,4,3,female,65.0
110,69.2,64.0,69.16,4,4,female,63.5
111,69.0,63.5,68.79,1,1,female,65.5
112,69.0,63.0,68.52,3,1,male,69.0
112,69.0,63.0,68.52,3,2,female,67.5
112,69.0,63.0,68.52,3,3,female,63.5
113,69.0,63.0,68.52,1,1,male,72.0
114,69.0,63.0,68.52,6,1,male,73.0
114,69.0,63.0,68.52,6,2,male,70.0
114,69.0,63.0,68.52,6,3,male,70.0
114,69.0,63.0,68.52,6,4,male,64.0
114,69.0,63.0,68.52,6,5,female,66.0
114,69.0,63.0,68.52,6,6,female,62.0
115,69.0,63.5,68.79,7,1,male,70.5
115,69.0,63.5,68.79,7,2,male,67.0
115,69.0,63.5,68.79,7,3,male,66.0
115,69.0,63.5,68.79,7,4,female,65.0
115,69.0,63.5,68.79,7,5,female,63.0
115,69.0,63.5,68.79,7,6,female,62.0
115,69.0,63.5,68.79,7,7,female,61.0
116,69.0,63.5,68.79,3,1,male,70.5
116,69.0,63.5,68.79,3,2,female,63.7
116,69.0,63.5,68.79,3,3,female,63.0
117,69.7,62.0,68.33,1,1,female,62.5
118,69.5,62.0,68.23,3,1,male,73.0
118,69.5,62.0,68.23,3,2,male,72.0
118,69.5,62.0,68.23,3,3,male,69.0
119,69.0,62.0,67.98,5,1,male,73.0
119,69.0,62.0,67.98,5,2,male,71.0
119,69.0,62.0,67.98,5,3,male,71.0
119,69.0,62.0,67.98,5,4,male,69.0
119,69.0,62.0,67.98,5,5,female,63.0
120,69.5,62.0,68.23,11,1,male,72.0
120,69.5,62.0,68.23,11,2,male,70.0
120,69.5,62.0,68.23,11,3,male,67.8
120,69.5,62.0,68.23,11,4,female,65.2
120,69.5,62.0,68.23,11,5,female,64.7
120,69.5,62.0,68.23,11,6,female,64.5
120,69.5,62.0,68.23,11,7,female,63.5
120,69.5,62.0,68.23,11,8,female,63.5
120,69.5,62.0,68.23,11,9,female,62.5
120,69.5,62.0,68.23,11,10,female,62.0
120,69.5,62.0,68.23,11,11,female,61.5
121,69.0,62.5,68.25,8,1,male,71.0
121,69.0,62.5,68.25,8,2,male,70.0
121,69.0,62.5,68.25,8,3,male,70.0
121,69.0,62.5,68.25,8,4,male,69.0
121,69.0,62.5,68.25,8,5,female,63.5
121,69.0,62.5,68.25,8,6,female,62.5
121,69.0,62.5,68.25,8,7,female,62.5
121,69.0,62.5,68.25,8,8,female,62.0
122,69.0,62.0,67.98,4,1,male,72.0
122,69.0,62.0,67.98,4,2,male,68.0
122,69.0,62.0,67.98,4,3,female,66.0
122,69.0,62.0,67.98,4,4,female,66.0
123,69.5,61.0,67.69,5,1,male,70.0
123,69.5,61.0,67.69,5,2,male,69.5
123,69.5,61.0,67.69,5,3,male,69.0
123,69.5,61.0,67.69,5,4,female,63.0
123,69.5,61.0,67.69,5,5,female,62.0
124,69.0,61.0,67.44,9,1,male,68.0
124,69.0,61.0,67.44,9,2,male,68.0
124,69.0,61.0,67.44,9,3,male,67.5
124,69.0,61.0,67.44,9,4,male,64.0
124,69.0,61.0,67.44,9,5,male,63.0
124,69.0,61.0,67.44,9,6,male,63.0
124,69.0,61.0,67.44,9,7,female,63.5
124,69.0,61.0,67.44,9,8,female,62.0
124,69.0,61.0,67.44,9,9,female,62.0
125,69.0,60.0,66.9,3,1,male,70.5
125,69.0,60.0,66.9,3,2,female,68.0
125,69.0,60.0,66.9,3,3,female,62.5
126,69.0,60.0,66.9,4,1,male,69.0
126,69.0,60.0,66.9,4,2,male,66.0
126,69.0,60.0,66.9,4,3,female,61.7
126,69.0,60.0,66.9,4,4,female,60.5
127,69.0,60.5,67.17,1,1,male,69.5
128,68.7,70.5,72.42,2,1,male,71.0
128,68.7,70.5,72.42,2,2,female,61.7
129,68.5,67.0,70.43,3,1,male,73.0
129,68.5,67.0,70.43,3,2,male,71.0
129,68.5,67.0,70.43,3,3,female,67.0
130,68.5,66.5,70.16,11,1,male,70.0
130,68.5,66.5,70.16,11,2,male,69.0
130,68.5,66.5,70.16,11,3,male,69.0
130,68.5,66.5,70.16,11,4,male,68.7
130,68.5,66.5,70.16,11,5,male,68.5
130,68.5,66.5,70.16,11,6,male,68.5
130,68.5,66.5,70.16,11,7,male,68.0
130,68.5,66.5,70.16,11,8,male,68.0
130,68.5,66.5,70.16,11,9,male,68.0
130,68.5,66.5,70.16,11,10,male,66.2
130,68.5,66.5,70.16,11,11,female,63.2
131,68.0,65.0,69.1,2,1,male,67.5
131,68.0,65.0,69.1,2,2,male,66.0
132,68.0,65.5,69.37,2,1,male,66.0
132,68.0,65.5,69.37,2,2,female,64.0
133,68.0,65.5,69.37,7,1,male,71.7
133,68.0,65.5,69.37,7,2,male,71.5
133,68.0,65.5,69.37,7,3,male,70.7
133,68.0,65.5,69.37,7,4,male,65.5
133,68.0,65.5,69.37,7,5,female,66.5
133,68.0,65.5,69.37,7,6,female,65.2
133,68.0,65.5,69.37,7,7,female,61.5
134,68.0,65.0,69.1,4,1,male,72.0
134,68.0,65.0,69.1,4,2,male,72.0
134,68.0,65.0,69.1,4,3,female,68.0
134,68.0,65.0,69.1,4,4,female,66.0
135,68.5,65.0,69.35,8,1,male,69.2
135,68.5,65.0,69.35,8,2,male,68.0
135,68.5,65.0,69.35,8,3,male,66.0
135,68.5,65.0,69.35,8,4,male,66.0
135,68.5,65.0,69.35,8,5,female,62.0
135,68.5,65.0,69.35,8,6,female,61.5
135,68.5,65.0,69.35,8,7,female,61.0
135,68.5,65.0,69.35,8,8,female,60.0
136A,68.5,65.0,69.35,8,1,male,72.0
136A,68.5,65.0,69.35,8,2,male,70.5
136A,68.5,65.0,69.35,8,3,male,68.7
136A,68.5,65.0,69.35,8,4,male,68.5
136A,68.5,65.0,69.35,8,5,male,67.7
136A,68.5,65.0,69.35,8,6,female,64.0
136A,68.5,65.0,69.35,8,7,female,63.5
136A,68.5,65.0,69.35,8,8,female,63.0
136,68.0,64.0,68.56,10,1,male,71.0
136,68.0,64.0,68.56,10,2,male,68.0
136,68.0,64.0,68.56,10,3,male,68.0
136,68.0,64.0,68.56,10,4,male,67.0
136,68.0,64.0,68.56,10,5,female,65.0
136,68.0,64.0,68.56,10,6,female,64.0
136,68.0,64.0,68.56,10,7,female,63.0
136,68.0,64.0,68.56,10,8,female,63.0
136,68.0,64.0,68.56,10,9,female,62.0
136,68.0,64.0,68.56,10,10,female,61.0
137,68.0,64.0,68.56,4,1,male,66.0
137,68.0,64.0,68.56,4,2,male,63.0
137,68.0,64.0,68.56,4,3,female,65.5
137,68.0,64.0,68.56,4,4,female,62.0
138,68.0,64.0,68.56,5,1,male,71.2
138,68.0,64.0,68.56,5,2,male,71.2
138,68.0,64.0,68.56,5,3,male,69.0
138,68.0,64.0,68.56,5,4,male,68.5
138,68.0,64.0,68.56,5,5,female,62.5
139,68.0,64.5,68.83,1,1,female,62.0
140,68.0,64.0,68.56,10,1,male,69.0
140,68.0,64.0,68.56,10,2,male,67.0
140,68.0,64.0,68.56,10,3,male,66.0
140,68.0,64.0,68.56,10,4,female,66.0
140,68.0,64.0,68.56,10,5,female,66.0
140,68.0,64.0,68.56,10,6,female,65.0
140,68.0,64.0,68.56,10,7,female,65.0
140,68.0,64.0,68.56,10,8,female,65.0
140,68.0,64.0,68.56,10,9,female,64.0
140,68.0,64.0,68.56,10,10,female,63.0
141,68.0,63.0,68.02,8,1,male,70.5
141,68.0,63.0,68.02,8,2,male,70.0
141,68.0,63.0,68.02,8,3,male,68.0
141,68.0,63.0,68.02,8,4,male,66.0
141,68.0,63.0,68.02,8,5,male,66.0
141,68.0,63.0,68.02,8,6,female,66.0
141,68.0,63.0,68.02,8,7,female,62.0
141,68.0,63.0,68.02,8,8,female,61.5
142,68.5,63.5,68.54,4,1,male,73.5
142,68.5,63.5,68.54,4,2,male,70.0
142,68.5,63.5,68.54,4,3,male,69.5
142,68.5,63.5,68.54,4,4,female,65.5
143,68.0,63.0,68.02,1,1,male,67.0
144,68.0,63.0,68.02,4,1,male,70.0
144,68.0,63.0,68.02,4,2,male,68.0
144,68.0,63.0,68.02,4,3,female,64.5
144,68.0,63.0,68.02,4,4,female,64.0
145,68.0,63.0,68.02,8,1,male,71.0
145,68.0,63.0,68.02,8,2,male,68.0
145,68.0,63.0,68.02,8,3,male,66.0
145,68.0,63.0,68.02,8,4,male,65.5
145,68.0,63.0,68.02,8,5,male,65.0
145,68.0,63.0,68.02,8,6,female,63.0
145,68.0,63.0,68.02,8,7,female,62.0
145,68.0,63.0,68.02,8,8,female,62.0
146,68.0,63.0,68.02,6,1,male,67.0
146,68.0,63.0,68.02,6,2,male,67.0
146,68.0,63.0,68.02,6,3,male,66.0
146,68.0,63.0,68.02,6,4,female,64.0
146,68.0,63.0,68.02,6,5,female,63.5
146,68.0,63.0,68.02,6,6,female,61.0
147,68.5,63.5,68.54,1,1,male,68.2
148,68.0,63.0,68.02,1,1,male,70.0
149,68.2,63.5,68.39,5,1,male,70.0
149,68.2,63.5,68.39,5,2,male,69.0
149,68.2,63.5,68.39,5,3,male,67.0
149,68.2,63.5,68.39,5,4,male,65.5
149,68.2,63.5,68.39,5,5,female,64.5
150,68.0,62.5,67.75,1,1,male,68.5
151,68.7,62.0,67.83,2,1,male,67.7
151,68.7,62.0,67.83,2,2,female,61.7
152,68.0,62.5,67.75,1,1,male,66.5
153,68.0,61.0,66.94,5,1,male,68.5
153,68.0,61.0,66.94,5,2,male,68.0
153,68.0,61.0,66.94,5,3,male,64.0
153,68.0,61.0,66.94,5,4,female,63.5
153,68.0,61.0,66.94,5,5,female,63.0
154,68.0,60.2,66.508,1,1,male,66.7
155,68.0,60.0,66.4,7,1,male,64.0
155,68.0,60.0,66.4,7,2,female,61.0
155,68.0,60.0,66.4,7,3,female,61.0
155,68.0,60.0,66.4,7,4,female,60.0
155,68.0,60.0,66.4,7,5,female,60.0
155,68.0,60.0,66.4,7,6,female,60.0
155,68.0,60.0,66.4,7,7,female,56.0
156,68.0,60.0,66.4,4,1,male,67.5
156,68.0,60.0,66.4,4,2,male,67.0
156,68.0,60.0,66.4,4,3,male,66.5
156,68.0,60.0,66.4,4,4,female,60.0
157,68.5,59.0,66.11,1,1,male,69.0
158,68.0,59.0,65.86,10,1,male,68.0
158,68.0,59.0,65.86,10,2,male,65.0
158,68.0,59.0,65.86,10,3,male,64.7
158,68.0,59.0,65.86,10,4,male,64.0
158,68.0,59.0,65.86,10,5,male,64.0
158,68.0,59.0,65.86,10,6,male,63.0
158,68.0,59.0,65.86,10,7,female,65.0
158,68.0,59.0,65.86,10,8,female,65.0
158,68.0,59.0,65.86,10,9,female,62.0
158,68.0,59.0,65.86,10,10,female,61.0
159,67.0,66.2,69.248,5,1,male,72.7
159,67.0,66.2,69.248,5,2,male,72.7
159,67.0,66.2,69.248,5,3,male,71.5
159,67.0,66.2,69.248,5,4,female,65.5
159,67.0,66.2,69.248,5,5,female,63.5
160,67.0,66.5,69.41,1,1,male,71.0
161,67.0,66.0,69.14,8,1,male,73.0
161,67.0,66.0,69.14,8,2,male,71.0
161,67.0,66.0,69.14,8,3,male,70.7
161,67.0,66.0,69.14,8,4,male,70.0
161,67.0,66.0,69.14,8,5,male,69.0
161,67.0,66.0,69.14,8,6,female,68.0
161,67.0,66.0,69.14,8,7,female,65.5
161,67.0,66.0,69.14,8,8,female,62.0
162,67.0,65.0,68.6,6,1,male,69.7
162,67.0,65.0,68.6,6,2,male,67.5
162,67.0,65.0,68.6,6,3,female,65.5
162,67.0,65.0,68.6,6,4,female,65.0
162,67.0,65.0,68.6,6,5,female,64.5
162,67.0,65.0,68.6,6,6,female,63.5
163,67.0,65.5,68.87,5,1,male,70.0
163,67.0,65.5,68.87,5,2,male,69.0
163,67.0,65.5,68.87,5,3,female,65.5
163,67.0,65.5,68.87,5,4,female,65.5
163,67.0,65.5,68.87,5,5,female,63.0
164,67.0,65.5,68.87,4,1,male,70.0
164,67.0,65.5,68.87,4,2,male,67.7
164,67.0,65.5,68.87,4,3,female,63.0
164,67.0,65.5,68.87,4,4,female,60.0
165,67.0,65.0,68.6,3,1,male,65.0
165,67.0,65.0,68.6,3,2,female,62.0
165,67.0,65.0,68.6,3,3,female,62.0
166,67.5,65.0,68.85,11,1,male,71.0
166,67.5,65.0,68.85,11,2,male,69.0
166,67.5,65.0,68.85,11,3,female,64.0
166,67.5,65.0,68.85,11,4,female,64.0
166,67.5,65.0,68.85,11,5,female,63.0
166,67.5,65.0,68.85,11,6,female,63.0
166,67.5,65.0,68.85,11,7,female,63.0
166,67.5,65.0,68.85,11,8,female,63.0
166,67.5,65.0,68.85,11,9,female,63.0
166,67.5,65.0,68.85,11,10,female,62.5
166,67.5,65.0,68.85,11,11,female,62.0
167,67.0,64.0,68.06,4,1,male,71.5
167,67.0,64.0,68.06,4,2,male,70.0
167,67.0,64.0,68.06,4,3,male,67.0
167,67.0,64.0,68.06,4,4,male,67.0
168,67.0,63.5,67.79,8,1,male,71.0
168,67.0,63.5,67.79,8,2,male,70.2
168,67.0,63.5,67.79,8,3,male,69.2
168,67.0,63.5,67.79,8,4,male,68.5
168,67.0,63.5,67.79,8,5,male,68.0
168,67.0,63.5,67.79,8,6,male,67.0
168,67.0,63.5,67.79,8,7,male,65.5
168,67.0,63.5,67.79,8,8,female,63.5
169,67.0,63.0,67.52,3,1,male,69.0
169,67.0,63.0,67.52,3,2,male,68.0
169,67.0,63.0,67.52,3,3,female,63.0
170,67.5,62.0,67.23,5,1,male,70.0
170,67.5,62.0,67.23,5,2,male,69.5
170,67.5,62.0,67.23,5,3,male,69.0
170,67.5,62.0,67.23,5,4,male,68.5
170,67.5,62.0,67.23,5,5,female,66.0
171,67.0,61.0,66.44,1,1,male,67.0
172,66.0,67.0,69.18,8,1,male,70.5
172,66.0,67.0,69.18,8,2,male,70.5
172,66.0,67.0,69.18,8,3,male,67.0
172,66.0,67.0,69.18,8,4,male,66.0
172,66.0,67.0,69.18,8,5,male,66.0
172,66.0,67.0,69.18,8,6,female,62.0
172,66.0,67.0,69.18,8,7,female,62.0
172,66.0,67.0,69.18,8,8,female,61.5
173,66.0,67.0,69.18,9,1,male,72.0
173,66.0,67.0,69.18,9,2,male,65.0
173,66.0,67.0,69.18,9,3,male,65.0
173,66.0,67.0,69.18,9,4,female,67.0
173,66.0,67.0,69.18,9,5,female,64.0
173,66.0,67.0,69.18,9,6,female,64.0
173,66.0,67.0,69.18,9,7,female,62.0
173,66.0,67.0,69.18,9,8,female,60.0
173,66.0,67.0,69.18,9,9,female,60.0
174,66.0,66.0,68.64,5,1,male,66.0
174,66.0,66.0,68.64,5,2,male,65.0
174,66.0,66.0,68.64,5,3,female,67.0
174,66.0,66.0,68.64,5,4,female,66.5
174,66.0,66.0,68.64,5,5,female,65.5
175,66.0,66.0,68.64,6,1,male,72.0
175,66.0,66.0,68.64,6,2,male,68.0
175,66.0,66.0,68.64,6,3,female,66.0
175,66.0,66.0,68.64,6,4,female,65.0
175,66.0,66.0,68.64,6,5,female,62.0
175,66.0,66.0,68.64,6,6,female,61.0
176,66.5,65.0,68.35,8,1,male,68.7
176,66.5,65.0,68.35,8,2,male,68.5
176,66.5,65.0,68.35,8,3,male,66.5
176,66.5,65.0,68.35,8,4,male,64.5
176,66.5,65.0,68.35,8,5,female,62.5
176,66.5,65.0,68.35,8,6,female,60.5
176,66.5,65.0,68.35,8,7,female,60.5
176,66.5,65.0,68.35,8,8,female,57.5
177,66.0,65.5,68.37,5,1,male,72.0
177,66.0,65.5,68.37,5,2,male,71.0
177,66.0,65.5,68.37,5,3,male,67.0
177,66.0,65.5,68.37,5,4,female,66.0
177,66.0,65.5,68.37,5,5,female,65.0
178,66.0,63.0,67.02,1,1,male,70.0
179,66.0,63.5,67.29,2,1,female,64.5
179,66.0,63.5,67.29,2,2,female,62.0
180,66.5,63.0,67.27,6,1,male,67.2
180,66.5,63.0,67.27,6,2,male,67.0
180,66.5,63.0,67.27,6,3,male,65.0
180,66.5,63.0,67.27,6,4,female,65.0
180,66.5,63.0,67.27,6,5,female,65.0
180,66.5,63.0,67.27,6,6,female,63.0
181,66.5,62.5,67.0,7,1,male,70.0
181,66.5,62.5,67.0,7,2,male,68.0
181,66.5,62.5,67.0,7,3,female,63.5
181,66.5,62.5,67.0,7,4,female,62.5
181,66.5,62.5,67.0,7,5,female,62.5
181,66.5,62.5,67.0,7,6,female,62.5
181,66.5,62.5,67.0,7,7,female,62.5
182,66.0,61.5,66.21,1,1,male,70.0
183,66.0,60.0,65.4,4,1,male,68.0
183,66.0,60.0,65.4,4,2,male,67.0
183,66.0,60.0,65.4,4,3,male,65.0
183,66.0,60.0,65.4,4,4,female,60.0
184,66.0,60.0,65.4,1,1,male,65.0
185,66.0,59.0,64.86,15,1,male,68.0
185,66.0,59.0,64.86,15,2,male,67.0
185,66.0,59.0,64.86,15,3,male,66.5
185,66.0,59.0,64.86,15,4,male,66.0
185,66.0,59.0,64.86,15,5,male,65.7
185,66.0,59.0,64.86,15,6,male,65.5
185,66.0,59.0,64.86,15,7,male,65.0
185,66.0,59.0,64.86,15,8,female,65.0
185,66.0,59.0,64.86,15,9,female,64.0
185,66.0,59.0,64.86,15,10,female,63.0
185,66.0,59.0,64.86,15,11,female,62.0
185,66.0,59.0,64.86,15,12,female,61.0
185,66.0,59.0,64.86,15,13,female,60.0
185,66.0,59.0,64.86,15,14,female,58.0
185,66.0,59.0,64.86,15,15,female,57.0
186,65.0,67.0,68.68,4,1,male,66.5
186,65.0,67.0,68.68,4,2,male,66.0
186,65.0,67.0,68.68,4,3,male,66.0
186,65.0,67.0,68.68,4,4,female,65.0
187,65.0,67.0,68.68,1,1,female,63.0
188,65.0,66.0,68.14,4,1,male,63.0
188,65.0,66.0,68.14,4,2,female,63.0
188,65.0,66.0,68.14,4,3,female,63.0
188,65.0,66.0,68.14,4,4,female,60.0
189,65.0,66.0,68.14,5,1,male,67.0
189,65.0,66.0,68.14,5,2,male,66.0
189,65.0,66.0,68.14,5,3,male,65.0
189,65.0,66.0,68.14,5,4,female,65.0
189,65.0,66.0,68.14,5,5,female,61.0
190,65.0,65.0,67.6,9,1,male,69.0
190,65.0,65.0,67.6,9,2,male,68.0
190,65.0,65.0,67.6,9,3,male,68.0
190,65.0,65.0,67.6,9,4,female,65.0
190,65.0,65.0,67.6,9,5,female,65.0
190,65.0,65.0,67.6,9,6,female,62.0
190,65.0,65.0,67.6,9,7,female,62.0
190,65.0,65.0,67.6,9,8,female,61.0
190,65.0,65.0,67.6,9,9,female,59.0
191,65.0,65.5,67.87,2,1,male,70.7
191,65.0,65.5,67.87,2,2,female,65.5
192,65.0,65.0,67.6,6,1,male,69.2
192,65.0,65.0,67.6,6,2,male,69.0
192,65.0,65.0,67.6,6,3,male,68.0
192,65.0,65.0,67.6,6,4,male,67.7
192,65.0,65.0,67.6,6,5,female,64.5
192,65.0,65.0,67.6,6,6,female,60.5
193,65.0,64.0,67.06,6,1,male,67.0
193,65.0,64.0,67.06,6,2,male,67.0
193,65.0,64.0,67.06,6,3,female,64.0
193,65.0,64.0,67.06,6,4,female,64.0
193,65.0,64.0,67.06,6,5,female,62.5
193,65.0,64.0,67.06,6,6,female,60.5
194,65.0,63.0,66.52,2,1,male,70.0
194,65.0,63.0,66.52,2,2,female,63.0
195,65.0,63.0,66.52,3,1,male,66.0
195,65.0,63.0,66.52,3,2,male,66.0
195,65.0,63.0,66.52,3,3,female,63.0
196,65.5,63.0,66.77,4,1,male,71.0
196,65.5,63.0,66.77,4,2,male,71.0
196,65.5,63.0,66.77,4,3,male,69.0
196,65.5,63.0,66.77,4,4,female,63.5
197,65.5,60.0,65.15,5,1,male,68.0
197,65.5,60.0,65.15,5,2,male,68.0
197,65.5,60.0,65.15,5,3,male,67.0
197,65.5,60.0,65.15,5,4,male,67.0
197,65.5,60.0,65.15,5,5,female,62.0
198,64.0,64.0,66.56,7,1,male,71.5
198,64.0,64.0,66.56,7,2,male,68.0
198,64.0,64.0,66.56,7,3,female,65.5
198,64.0,64.0,66.56,7,4,female,64.0
198,64.0,64.0,66.56,7,5,female,62.0
198,64.0,64.0,66.56,7,6,female,62.0
198,64.0,64.0,66.56,7,7,female,61.0
199,64.0,64.0,66.56,7,1,male,70.5
199,64.0,64.0,66.56,7,2,male,68.0
199,64.0,64.0,66.56,7,3,female,67.0
199,64.0,64.0,66.56,7,4,female,65.0
199,64.0,64.0,66.56,7,5,female,64.0
199,64.0,64.0,66.56,7,6,female,64.0
199,64.0,64.0,66.56,7,7,female,60.0
200,64.0,63.0,66.02,1,1,male,64.5
201,64.0,60.0,64.4,2,1,male,66.0
201,64.0,60.0,64.4,2,2,female,60.0
202,63.0,63.5,65.79,2,1,female,68.5
202,63.0,63.5,65.79,2,2,female,63.5
203,62.0,66.0,66.64,3,1,male,64.0
203,62.0,66.0,66.64,3,2,female,62.0
203,62.0,66.0,66.64,3,3,female,61.0
204,62.5,63.0,65.27,2,1,male,66.5
204,62.5,63.0,65.27,2,2,female,57.0
